{"loss": [31.730356216430664, 26.784196853637695, 22.31167984008789, 18.15073585510254, 14.341500282287598, 11.004814147949219, 8.270757675170898, 6.205611705780029, 4.769359588623047, 3.835637331008911, 3.2495644092559814, 2.879770278930664, 2.636837959289551, 2.400182008743286, 2.3415536880493164, 2.288930892944336, 2.2412092685699463, 2.1975488662719727, 2.1572635173797607, 2.119868755340576], "switch_epoch": 12}