{"loss": [31.730356216430664, 26.784196853637695, 22.31167984008789, 18.15073585510254, 14.341500282287598, 11.004814147949219, 8.270757675170898, 6.205611705780029, 4.769359588623047, 3.835637331008911, 3.2495644092559814, 2.879770278930664, 2.636837959289551, 0.6025720834732056], "switch_epoch": 12}